8
Barnaby Westworth,100 Pinebark Avenue [Eltham],100,1,Judy Briggs
Diana Golding,55 Mickleham Way [Montmorency],120,1,David Yuille
Cameron Boyce,7 Grovedale Rd [Rosanna],123,1,Carl Schmidt
Tamsin Reordan,12 Pollen Crt [Heidelberg],210,2,633108:7362514,235
Thomas Griorgi,42 Penguin Pde [Hitchinbrooke],245,2,142842:873361,410
Siddarth Gupta,81 Twin Ranges Dr [Epping],303,1,Jenny Liu
Simon Santhorne,4 Eucalypus Way [Punchbowl],444,2,831200:6271631,375
Jeremy Trebuchet,88 Main Rd [Eltham],424,2,162919:425576,330